{"result":{"departing":[{"proposalId":12817246901,"from":1,"to":191,"rationCode":2,"trainNumber":366,"wagonName":"5 ستاره اكونومي پلاس","wagonType":5258,"moveDatetime":"2024-07-20T00:00:00","departureDateTime":"2024-07-20T20:55:00","seat":0,"cost":7920000,"fullPrice":7920000,"isCompartment":true,"compartmentCapacity":4,"hasAirCondition":true,"hasMedia":true,"services":{"airCondition":true,"media":true},"timeOfArrival":"07:45:00","companyName":"نورالرضا","serviceType":2,"logoSuffix":"17","hasDiscount":false,"isSpecialOffer":false,"specialOfferTexts":[],"isFadakSpecialOffer":false,"minPassengerCount":1,"minLimitationMessage":"","maxPassengerCount":0,"exclusiveCompartmentMaxPassengerCount":0,"maxLimitationMessage":"برای خرید، حداکثر تعداد مسافران بایستی 0 باشد.","hasFreeFood":false,"nonRefundable":false,"isCharter":false,"wagonClass":"EC","hasFoodOffer":false,"foodOfferTexts":[],"axleCode":2,"oldExitDatetime":null,"oldFrom":null,"oldTo":null,"badges":[],"discountBadge":null,"sortOrder":50,"isFamilyCoupe":false,"isTransitCar":false,"originName":"تهران","destinationName":"مشهد","orginCode":"THR","originCode":"THR","destinationCode":"MHD","arrivalDateTime":"2024-07-21T07:45:00","availableType":"Regular"},{"proposalId":12817246910,"from":1,"to":191,"rationCode":2,"trainNumber":584,"wagonName":"5 ستاره اکونومي پلاس ","wagonType":5273,"moveDatetime":"2024-07-20T00:00:00","departureDateTime":"2024-07-20T23:50:00","seat":0,"cost":7920000,"fullPrice":7920000,"isCompartment":true,"compartmentCapacity":4,"hasAirCondition":true,"hasMedia":true,"services":{"airCondition":true,"media":true},"timeOfArrival":"10:55:00","companyName":"نورالرضا","serviceType":2,"logoSuffix":"17","hasDiscount":false,"isSpecialOffer":false,"specialOfferTexts":[],"isFadakSpecialOffer":false,"minPassengerCount":1,"minLimitationMessage":"","maxPassengerCount":0,"exclusiveCompartmentMaxPassengerCount":0,"maxLimitationMessage":"برای خرید، حداکثر تعداد مسافران بایستی 0 باشد.","hasFreeFood":false,"nonRefundable":false,"isCharter":false,"wagonClass":"EC","hasFoodOffer":false,"foodOfferTexts":[],"axleCode":8,"oldExitDatetime":null,"oldFrom":null,"oldTo":null,"badges":[],"discountBadge":null,"sortOrder":50,"isFamilyCoupe":false,"isTransitCar":false,"originName":"تهران","destinationName":"مشهد","orginCode":"THR","originCode":"THR","destinationCode":"MHD","arrivalDateTime":"2024-07-21T10:55:00","availableType":"Regular"},{"proposalId":12817246890,"from":1,"to":191,"rationCode":2,"trainNumber":484,"wagonName":"3 ستاره 6 تخته پارسي ","wagonType":5135,"moveDatetime":"2024-07-20T00:00:00","departureDateTime":"2024-07-20T13:45:00","seat":0,"cost":2638500,"fullPrice":2638500,"isCompartment":true,"compartmentCapacity":6,"hasAirCondition":true,"hasMedia":false,"services":{"airCondition":true,"media":false},"timeOfArrival":"00:45:00","companyName":"مهتاب سير جم","serviceType":2,"logoSuffix":"14","hasDiscount":false,"isSpecialOffer":false,"specialOfferTexts":[],"isFadakSpecialOffer":false,"minPassengerCount":1,"minLimitationMessage":"","maxPassengerCount":0,"exclusiveCompartmentMaxPassengerCount":0,"maxLimitationMessage":"برای خرید، حداکثر تعداد مسافران بایستی 0 باشد.","hasFreeFood":false,"nonRefundable":false,"isCharter":false,"wagonClass":"EL","hasFoodOffer":false,"foodOfferTexts":[],"axleCode":6,"oldExitDatetime":null,"oldFrom":null,"oldTo":null,"badges":[],"discountBadge":null,"sortOrder":43,"isFamilyCoupe":false,"isTransitCar":false,"originName":"تهران","destinationName":"مشهد","orginCode":"THR","originCode":"THR","destinationCode":"MHD","arrivalDateTime":"2024-07-21T00:45:00","availableType":"Regular"},{"proposalId":12817246892,"from":1,"to":191,"rationCode":2,"trainNumber":330,"wagonName":"سه ستاره 6 تخته مهديس ","wagonType":5265,"moveDatetime":"2024-07-20T00:00:00","departureDateTime":"2024-07-20T16:15:00","seat":0,"cost":2985000,"fullPrice":2985000,"isCompartment":true,"compartmentCapacity":6,"hasAirCondition":true,"hasMedia":false,"services":{"airCondition":true,"media":false},"timeOfArrival":"03:15:00","companyName":"مهتاب سير جم","serviceType":2,"logoSuffix":"14","hasDiscount":false,"isSpecialOffer":false,"specialOfferTexts":[],"isFadakSpecialOffer":false,"minPassengerCount":1,"minLimitationMessage":"","maxPassengerCount":0,"exclusiveCompartmentMaxPassengerCount":0,"maxLimitationMessage":"برای خرید، حداکثر تعداد مسافران بایستی 0 باشد.","hasFreeFood":false,"nonRefundable":false,"isCharter":false,"wagonClass":"EL","hasFoodOffer":false,"foodOfferTexts":[],"axleCode":2,"oldExitDatetime":null,"oldFrom":null,"oldTo":null,"badges":[],"discountBadge":null,"sortOrder":43,"isFamilyCoupe":false,"isTransitCar":false,"originName":"تهران","destinationName":"مشهد","orginCode":"THR","originCode":"THR","destinationCode":"MHD","arrivalDateTime":"2024-07-21T03:15:00","availableType":"Regular"},{"proposalId":12817246906,"from":1,"to":191,"rationCode":2,"trainNumber":328,"wagonName":"سه ستاره 6 تخته مهديس ","wagonType":5265,"moveDatetime":"2024-07-20T00:00:00","departureDateTime":"2024-07-20T22:55:00","seat":0,"cost":2985000,"fullPrice":2985000,"isCompartment":true,"compartmentCapacity":6,"hasAirCondition":true,"hasMedia":false,"services":{"airCondition":true,"media":false},"timeOfArrival":"09:35:00","companyName":"مهتاب سير جم","serviceType":2,"logoSuffix":"14","hasDiscount":false,"isSpecialOffer":false,"specialOfferTexts":[],"isFadakSpecialOffer":false,"minPassengerCount":1,"minLimitationMessage":"","maxPassengerCount":0,"exclusiveCompartmentMaxPassengerCount":0,"maxLimitationMessage":"برای خرید، حداکثر تعداد مسافران بایستی 0 باشد.","hasFreeFood":false,"nonRefundable":false,"isCharter":false,"wagonClass":"EL","hasFoodOffer":false,"foodOfferTexts":[],"axleCode":2,"oldExitDatetime":null,"oldFrom":null,"oldTo":null,"badges":[],"discountBadge":null,"sortOrder":43,"isFamilyCoupe":false,"isTransitCar":false,"originName":"تهران","destinationName":"مشهد","orginCode":"THR","originCode":"THR","destinationCode":"MHD","arrivalDateTime":"2024-07-21T09:35:00","availableType":"Regular"},{"proposalId":12817246894,"from":1,"to":191,"rationCode":2,"trainNumber":354,"wagonName":"4ستاره 4 تخته عرفان ","wagonType":5010,"moveDatetime":"2024-07-20T00:00:00","departureDateTime":"2024-07-20T18:00:00","seat":0,"cost":4150000,"fullPrice":4150000,"isCompartment":true,"compartmentCapacity":4,"hasAirCondition":true,"hasMedia":true,"services":{"airCondition":true,"media":true},"timeOfArrival":"05:05:00","companyName":"ریل سیر کوثر","serviceType":2,"logoSuffix":"10","hasDiscount":false,"isSpecialOffer":false,"specialOfferTexts":[],"isFadakSpecialOffer":false,"minPassengerCount":1,"minLimitationMessage":"","maxPassengerCount":0,"exclusiveCompartmentMaxPassengerCount":0,"maxLimitationMessage":"برای خرید، حداکثر تعداد مسافران بایستی 0 باشد.","hasFreeFood":false,"nonRefundable":false,"isCharter":false,"wagonClass":"EC","hasFoodOffer":false,"foodOfferTexts":[],"axleCode":2,"oldExitDatetime":null,"oldFrom":null,"oldTo":null,"badges":[],"discountBadge":null,"sortOrder":15,"isFamilyCoupe":false,"isTransitCar":false,"originName":"تهران","destinationName":"مشهد","orginCode":"THR","originCode":"THR","destinationCode":"MHD","arrivalDateTime":"2024-07-21T05:05:00","availableType":"Regular"},{"proposalId":12817246895,"from":1,"to":191,"rationCode":2,"trainNumber":354,"wagonName":"3 ستاره 6 تخته اپتيما","wagonType":2013,"moveDatetime":"2024-07-20T00:00:00","departureDateTime":"2024-07-20T18:00:00","seat":0,"cost":2697000,"fullPrice":2697000,"isCompartment":true,"compartmentCapacity":6,"hasAirCondition":true,"hasMedia":false,"services":{"airCondition":true,"media":false},"timeOfArrival":"05:05:00","companyName":"ریل سیر کوثر","serviceType":2,"logoSuffix":"10","hasDiscount":false,"isSpecialOffer":false,"specialOfferTexts":[],"isFadakSpecialOffer":false,"minPassengerCount":1,"minLimitationMessage":"","maxPassengerCount":0,"exclusiveCompartmentMaxPassengerCount":0,"maxLimitationMessage":"برای خرید، حداکثر تعداد مسافران بایستی 0 باشد.","hasFreeFood":false,"nonRefundable":false,"isCharter":false,"wagonClass":"EL","hasFoodOffer":false,"foodOfferTexts":[],"axleCode":2,"oldExitDatetime":null,"oldFrom":null,"oldTo":null,"badges":[],"discountBadge":null,"sortOrder":15,"isFamilyCoupe":false,"isTransitCar":false,"originName":"تهران","destinationName":"مشهد","orginCode":"THR","originCode":"THR","destinationCode":"MHD","arrivalDateTime":"2024-07-21T05:05:00","availableType":"Regular"},{"proposalId":12817246902,"from":1,"to":191,"rationCode":2,"trainNumber":340,"wagonName":"4 ستاره غزال با پذيرايي عصرانه ","wagonType":1410,"moveDatetime":"2024-07-20T00:00:00","departureDateTime":"2024-07-20T21:30:00","seat":0,"cost":4918000,"fullPrice":4918000,"isCompartment":true,"compartmentCapacity":4,"hasAirCondition":true,"hasMedia":true,"services":{"airCondition":true,"media":true},"timeOfArrival":"08:15:00","companyName":"بن ريل","serviceType":2,"logoSuffix":"-2","hasDiscount":false,"isSpecialOffer":false,"specialOfferTexts":[],"isFadakSpecialOffer":false,"minPassengerCount":1,"minLimitationMessage":"","maxPassengerCount":0,"exclusiveCompartmentMaxPassengerCount":0,"maxLimitationMessage":"برای خرید، حداکثر تعداد مسافران بایستی 0 باشد.","hasFreeFood":false,"nonRefundable":false,"isCharter":false,"wagonClass":"V","hasFoodOffer":false,"foodOfferTexts":[],"axleCode":2,"oldExitDatetime":null,"oldFrom":null,"oldTo":null,"badges":[],"discountBadge":null,"sortOrder":14,"isFamilyCoupe":false,"isTransitCar":false,"originName":"تهران","destinationName":"مشهد","orginCode":"THR","originCode":"THR","destinationCode":"MHD","arrivalDateTime":"2024-07-21T08:15:00","availableType":"Regular"},{"proposalId":12817246903,"from":1,"to":191,"rationCode":2,"trainNumber":340,"wagonName":"4 ستاره 4 تخته غزال ","wagonType":1310,"moveDatetime":"2024-07-20T00:00:00","departureDateTime":"2024-07-20T21:30:00","seat":0,"cost":3922000,"fullPrice":3922000,"isCompartment":true,"compartmentCapacity":4,"hasAirCondition":true,"hasMedia":true,"services":{"airCondition":true,"media":true},"timeOfArrival":"08:15:00","companyName":"بن ريل","serviceType":2,"logoSuffix":"-2","hasDiscount":false,"isSpecialOffer":false,"specialOfferTexts":[],"isFadakSpecialOffer":false,"minPassengerCount":1,"minLimitationMessage":"","maxPassengerCount":0,"exclusiveCompartmentMaxPassengerCount":0,"maxLimitationMessage":"برای خرید، حداکثر تعداد مسافران بایستی 0 باشد.","hasFreeFood":false,"nonRefundable":false,"isCharter":false,"wagonClass":"EC","hasFoodOffer":false,"foodOfferTexts":[],"axleCode":2,"oldExitDatetime":null,"oldFrom":null,"oldTo":null,"badges":[],"discountBadge":null,"sortOrder":14,"isFamilyCoupe":false,"isTransitCar":false,"originName":"تهران","destinationName":"مشهد","orginCode":"THR","originCode":"THR","destinationCode":"MHD","arrivalDateTime":"2024-07-21T08:15:00","availableType":"Regular"},{"proposalId":12817246907,"from":1,"to":191,"rationCode":2,"trainNumber":192,"wagonName":"4 ستاره 4 تخته سروش ","wagonType":1085,"moveDatetime":"2024-07-20T00:00:00","departureDateTime":"2024-07-20T23:05:00","seat":0,"cost":3870500,"fullPrice":3870500,"isCompartment":true,"compartmentCapacity":4,"hasAirCondition":true,"hasMedia":true,"services":{"airCondition":true,"media":true},"timeOfArrival":"10:00:00","companyName":"بن ريل","serviceType":2,"logoSuffix":"-2","hasDiscount":false,"isSpecialOffer":false,"specialOfferTexts":[],"isFadakSpecialOffer":false,"minPassengerCount":1,"minLimitationMessage":"","maxPassengerCount":0,"exclusiveCompartmentMaxPassengerCount":0,"maxLimitationMessage":"برای خرید، حداکثر تعداد مسافران بایستی 0 باشد.","hasFreeFood":false,"nonRefundable":false,"isCharter":false,"wagonClass":"EC","hasFoodOffer":false,"foodOfferTexts":[],"axleCode":7,"oldExitDatetime":null,"oldFrom":null,"oldTo":null,"badges":[],"discountBadge":null,"sortOrder":14,"isFamilyCoupe":false,"isTransitCar":false,"originName":"تهران","destinationName":"مشهد","orginCode":"THR","originCode":"THR","destinationCode":"MHD","arrivalDateTime":"2024-07-21T10:00:00","availableType":"Regular"},{"proposalId":12817246886,"from":1,"to":191,"rationCode":2,"trainNumber":580,"wagonName":"4 ستاره 4 تخته غدير","wagonType":5103,"moveDatetime":"2024-07-19T00:00:00","departureDateTime":"2024-07-20T01:50:00","seat":0,"cost":3920500,"fullPrice":3920500,"isCompartment":true,"compartmentCapacity":4,"hasAirCondition":true,"hasMedia":true,"services":{"airCondition":true,"media":true},"timeOfArrival":"12:40:00","companyName":"ريل ترابر سبا","serviceType":2,"logoSuffix":"15","hasDiscount":false,"isSpecialOffer":false,"specialOfferTexts":[],"isFadakSpecialOffer":false,"minPassengerCount":1,"minLimitationMessage":"","maxPassengerCount":0,"exclusiveCompartmentMaxPassengerCount":0,"maxLimitationMessage":"برای خرید، حداکثر تعداد مسافران بایستی 0 باشد.","hasFreeFood":false,"nonRefundable":false,"isCharter":false,"wagonClass":"EC","hasFoodOffer":false,"foodOfferTexts":[],"axleCode":8,"oldExitDatetime":null,"oldFrom":null,"oldTo":null,"badges":[],"discountBadge":null,"sortOrder":10,"isFamilyCoupe":false,"isTransitCar":false,"originName":"تهران","destinationName":"مشهد","orginCode":"THR","originCode":"THR","destinationCode":"MHD","arrivalDateTime":"2024-07-20T12:40:00","availableType":"Regular"},{"proposalId":12817246896,"from":1,"to":191,"rationCode":2,"trainNumber":166,"wagonName":"5 ستاره رويال ","wagonType":5278,"moveDatetime":"2024-07-20T00:00:00","departureDateTime":"2024-07-20T18:11:00","seat":0,"cost":7920000,"fullPrice":7920000,"isCompartment":true,"compartmentCapacity":4,"hasAirCondition":true,"hasMedia":true,"services":{"airCondition":true,"media":true},"timeOfArrival":"05:35:00","companyName":"ريل ترابر سبا","serviceType":2,"logoSuffix":"15_5278","hasDiscount":false,"isSpecialOffer":false,"specialOfferTexts":[],"isFadakSpecialOffer":false,"minPassengerCount":1,"minLimitationMessage":"","maxPassengerCount":0,"exclusiveCompartmentMaxPassengerCount":0,"maxLimitationMessage":"برای خرید، حداکثر تعداد مسافران بایستی 0 باشد.","hasFreeFood":false,"nonRefundable":false,"isCharter":false,"wagonClass":"EC","hasFoodOffer":false,"foodOfferTexts":[],"axleCode":7,"oldExitDatetime":null,"oldFrom":null,"oldTo":null,"badges":[],"discountBadge":null,"sortOrder":10,"isFamilyCoupe":false,"isTransitCar":false,"originName":"تهران","destinationName":"مشهد","orginCode":"THR","originCode":"THR","destinationCode":"MHD","arrivalDateTime":"2024-07-21T05:35:00","availableType":"Regular"},{"proposalId":12817246905,"from":1,"to":191,"rationCode":2,"trainNumber":384,"wagonName":"4 ستاره غزال","wagonType":4683,"moveDatetime":"2024-07-20T00:00:00","departureDateTime":"2024-07-20T22:10:00","seat":0,"cost":3814500,"fullPrice":3814500,"isCompartment":true,"compartmentCapacity":4,"hasAirCondition":true,"hasMedia":true,"services":{"airCondition":true,"media":true},"timeOfArrival":"08:55:00","companyName":"پارس لاریم","serviceType":2,"logoSuffix":"8","hasDiscount":false,"isSpecialOffer":false,"specialOfferTexts":[],"isFadakSpecialOffer":false,"minPassengerCount":1,"minLimitationMessage":"","maxPassengerCount":0,"exclusiveCompartmentMaxPassengerCount":0,"maxLimitationMessage":"برای خرید، حداکثر تعداد مسافران بایستی 0 باشد.","hasFreeFood":false,"nonRefundable":false,"isCharter":false,"wagonClass":"EC","hasFoodOffer":false,"foodOfferTexts":[],"axleCode":2,"oldExitDatetime":null,"oldFrom":null,"oldTo":null,"badges":[],"discountBadge":null,"sortOrder":10,"isFamilyCoupe":false,"isTransitCar":false,"originName":"تهران","destinationName":"مشهد","orginCode":"THR","originCode":"THR","destinationCode":"MHD","arrivalDateTime":"2024-07-21T08:55:00","availableType":"Regular"},{"proposalId":12817246897,"from":1,"to":191,"rationCode":2,"trainNumber":332,"wagonName":"4 ستاره 4 تخته ارگ","wagonType":5133,"moveDatetime":"2024-07-20T00:00:00","departureDateTime":"2024-07-20T19:15:00","seat":0,"cost":4018500,"fullPrice":4018500,"isCompartment":true,"compartmentCapacity":4,"hasAirCondition":true,"hasMedia":true,"services":{"airCondition":true,"media":true},"timeOfArrival":"06:30:00","companyName":"جوپار","serviceType":5,"logoSuffix":"31_5133","hasDiscount":false,"isSpecialOffer":false,"specialOfferTexts":[],"isFadakSpecialOffer":false,"minPassengerCount":1,"minLimitationMessage":"","maxPassengerCount":0,"exclusiveCompartmentMaxPassengerCount":0,"maxLimitationMessage":"برای خرید، حداکثر تعداد مسافران بایستی 0 باشد.","hasFreeFood":false,"nonRefundable":false,"isCharter":false,"wagonClass":"EC","hasFoodOffer":false,"foodOfferTexts":[],"axleCode":2,"oldExitDatetime":null,"oldFrom":null,"oldTo":null,"badges":[],"discountBadge":null,"sortOrder":5,"isFamilyCoupe":false,"isTransitCar":false,"originName":"تهران","destinationName":"مشهد","orginCode":"THR","originCode":"THR","destinationCode":"MHD","arrivalDateTime":"2024-07-21T06:30:00","availableType":"Regular"},{"proposalId":12817246898,"from":1,"to":191,"rationCode":2,"trainNumber":332,"wagonName":"3 ستاره 6 تخته كوير","wagonType":4818,"moveDatetime":"2024-07-20T00:00:00","departureDateTime":"2024-07-20T19:15:00","seat":0,"cost":2795500,"fullPrice":2795500,"isCompartment":true,"compartmentCapacity":6,"hasAirCondition":true,"hasMedia":false,"services":{"airCondition":true,"media":false},"timeOfArrival":"06:30:00","companyName":"جوپار","serviceType":5,"logoSuffix":"31","hasDiscount":false,"isSpecialOffer":false,"specialOfferTexts":[],"isFadakSpecialOffer":false,"minPassengerCount":1,"minLimitationMessage":"","maxPassengerCount":0,"exclusiveCompartmentMaxPassengerCount":0,"maxLimitationMessage":"برای خرید، حداکثر تعداد مسافران بایستی 0 باشد.","hasFreeFood":false,"nonRefundable":false,"isCharter":false,"wagonClass":"EL","hasFoodOffer":false,"foodOfferTexts":[],"axleCode":2,"oldExitDatetime":null,"oldFrom":null,"oldTo":null,"badges":[],"discountBadge":null,"sortOrder":5,"isFamilyCoupe":false,"isTransitCar":false,"originName":"تهران","destinationName":"مشهد","orginCode":"THR","originCode":"THR","destinationCode":"MHD","arrivalDateTime":"2024-07-21T06:30:00","availableType":"Regular"},{"proposalId":12817246891,"from":1,"to":191,"rationCode":2,"trainNumber":368,"wagonName":"5ستاره اكونومي پلاس فدك","wagonType":605,"moveDatetime":"2024-07-20T00:00:00","departureDateTime":"2024-07-20T15:55:00","seat":0,"cost":7920000,"fullPrice":7920000,"isCompartment":true,"compartmentCapacity":4,"hasAirCondition":true,"hasMedia":true,"services":{"airCondition":true,"media":true},"timeOfArrival":"02:30:00","companyName":" فدک","serviceType":4,"logoSuffix":"25_503","hasDiscount":false,"isSpecialOffer":false,"specialOfferTexts":[],"isFadakSpecialOffer":false,"minPassengerCount":1,"minLimitationMessage":"","maxPassengerCount":0,"exclusiveCompartmentMaxPassengerCount":0,"maxLimitationMessage":"برای خرید، حداکثر تعداد مسافران بایستی 0 باشد.","hasFreeFood":false,"nonRefundable":false,"isCharter":false,"wagonClass":"LX","hasFoodOffer":false,"foodOfferTexts":[],"axleCode":2,"oldExitDatetime":null,"oldFrom":null,"oldTo":null,"badges":[],"discountBadge":null,"sortOrder":4,"isFamilyCoupe":false,"isTransitCar":false,"originName":"تهران","destinationName":"مشهد","orginCode":"THR","originCode":"THR","destinationCode":"MHD","arrivalDateTime":"2024-07-21T02:30:00","availableType":"Regular"},{"proposalId":12817246904,"from":1,"to":191,"rationCode":2,"trainNumber":346,"wagonName":"5ستاره اكونومي پلاس فدك","wagonType":605,"moveDatetime":"2024-07-20T00:00:00","departureDateTime":"2024-07-20T21:50:00","seat":0,"cost":7920000,"fullPrice":7920000,"isCompartment":true,"compartmentCapacity":4,"hasAirCondition":true,"hasMedia":true,"services":{"airCondition":true,"media":true},"timeOfArrival":"08:35:00","companyName":" فدک","serviceType":4,"logoSuffix":"25_503","hasDiscount":false,"isSpecialOffer":false,"specialOfferTexts":[],"isFadakSpecialOffer":false,"minPassengerCount":1,"minLimitationMessage":"","maxPassengerCount":0,"exclusiveCompartmentMaxPassengerCount":0,"maxLimitationMessage":"برای خرید، حداکثر تعداد مسافران بایستی 0 باشد.","hasFreeFood":false,"nonRefundable":false,"isCharter":false,"wagonClass":"V","hasFoodOffer":false,"foodOfferTexts":[],"axleCode":2,"oldExitDatetime":null,"oldFrom":null,"oldTo":null,"badges":[],"discountBadge":null,"sortOrder":4,"isFamilyCoupe":false,"isTransitCar":false,"originName":"تهران","destinationName":"مشهد","orginCode":"THR","originCode":"THR","destinationCode":"MHD","arrivalDateTime":"2024-07-21T08:35:00","availableType":"Regular"},{"proposalId":12817246887,"from":1,"to":191,"rationCode":2,"trainNumber":182,"wagonName":"3ستاره6تخته پارسي","wagonType":2050,"moveDatetime":"2024-07-19T00:00:00","departureDateTime":"2024-07-20T03:52:00","seat":0,"cost":2230500,"fullPrice":2230500,"isCompartment":true,"compartmentCapacity":6,"hasAirCondition":true,"hasMedia":false,"services":{"airCondition":true,"media":false},"timeOfArrival":"15:20:00","companyName":"رجا","serviceType":1,"logoSuffix":"1","hasDiscount":false,"isSpecialOffer":false,"specialOfferTexts":[],"isFadakSpecialOffer":false,"minPassengerCount":1,"minLimitationMessage":"","maxPassengerCount":0,"exclusiveCompartmentMaxPassengerCount":0,"maxLimitationMessage":"برای خرید، حداکثر تعداد مسافران بایستی 0 باشد.","hasFreeFood":false,"nonRefundable":false,"isCharter":false,"wagonClass":"EL","hasFoodOffer":false,"foodOfferTexts":[],"axleCode":7,"oldExitDatetime":null,"oldFrom":null,"oldTo":null,"badges":[],"discountBadge":null,"sortOrder":3,"isFamilyCoupe":false,"isTransitCar":false,"originName":"تهران","destinationName":"مشهد","orginCode":"THR","originCode":"THR","destinationCode":"MHD","arrivalDateTime":"2024-07-20T15:20:00","availableType":"Regular"},{"proposalId":12817246888,"from":1,"to":191,"rationCode":56,"trainNumber":318,"wagonName":"4 ستاره اتوبوسي صبا","wagonType":1093,"moveDatetime":"2024-07-20T00:00:00","departureDateTime":"2024-07-20T07:05:00","seat":0,"cost":2003500,"fullPrice":2003500,"isCompartment":false,"compartmentCapacity":4,"hasAirCondition":true,"hasMedia":true,"services":{"airCondition":true,"media":true},"timeOfArrival":"19:15:00","companyName":"رجا","serviceType":1,"logoSuffix":"1","hasDiscount":false,"isSpecialOffer":false,"specialOfferTexts":[],"isFadakSpecialOffer":false,"minPassengerCount":1,"minLimitationMessage":"","maxPassengerCount":0,"exclusiveCompartmentMaxPassengerCount":null,"maxLimitationMessage":"برای خرید، حداکثر تعداد مسافران بایستی 0 باشد.","hasFreeFood":false,"nonRefundable":false,"isCharter":false,"wagonClass":"S","hasFoodOffer":false,"foodOfferTexts":[],"axleCode":2,"oldExitDatetime":null,"oldFrom":null,"oldTo":null,"badges":[],"discountBadge":null,"sortOrder":3,"isFamilyCoupe":false,"isTransitCar":false,"originName":"تهران","destinationName":"مشهد","orginCode":"THR","originCode":"THR","destinationCode":"MHD","arrivalDateTime":"2024-07-20T19:15:00","availableType":"Regular"},{"proposalId":12817246889,"from":1,"to":191,"rationCode":2,"trainNumber":318,"wagonName":"4 ستاره اتوبوسي صبا","wagonType":1093,"moveDatetime":"2024-07-20T00:00:00","departureDateTime":"2024-07-20T07:05:00","seat":0,"cost":2003500,"fullPrice":2003500,"isCompartment":false,"compartmentCapacity":4,"hasAirCondition":true,"hasMedia":true,"services":{"airCondition":true,"media":true},"timeOfArrival":"19:15:00","companyName":"رجا","serviceType":1,"logoSuffix":"1","hasDiscount":false,"isSpecialOffer":false,"specialOfferTexts":[],"isFadakSpecialOffer":false,"minPassengerCount":1,"minLimitationMessage":"","maxPassengerCount":0,"exclusiveCompartmentMaxPassengerCount":null,"maxLimitationMessage":"برای خرید، حداکثر تعداد مسافران بایستی 0 باشد.","hasFreeFood":false,"nonRefundable":false,"isCharter":false,"wagonClass":"S","hasFoodOffer":false,"foodOfferTexts":[],"axleCode":2,"oldExitDatetime":null,"oldFrom":null,"oldTo":null,"badges":[],"discountBadge":null,"sortOrder":3,"isFamilyCoupe":false,"isTransitCar":false,"originName":"تهران","destinationName":"مشهد","orginCode":"THR","originCode":"THR","destinationCode":"MHD","arrivalDateTime":"2024-07-20T19:15:00","availableType":"Regular"},{"proposalId":12817246893,"from":1,"to":191,"rationCode":2,"trainNumber":390,"wagonName":"4ستاره 4تخته سبز نوين","wagonType":5104,"moveDatetime":"2024-07-20T00:00:00","departureDateTime":"2024-07-20T16:55:00","seat":0,"cost":4950500,"fullPrice":4950500,"isCompartment":true,"compartmentCapacity":4,"hasAirCondition":true,"hasMedia":true,"services":{"airCondition":true,"media":true},"timeOfArrival":"03:40:00","companyName":"رجا","serviceType":1,"logoSuffix":"1","hasDiscount":false,"isSpecialOffer":false,"specialOfferTexts":[],"isFadakSpecialOffer":false,"minPassengerCount":1,"minLimitationMessage":"","maxPassengerCount":0,"exclusiveCompartmentMaxPassengerCount":0,"maxLimitationMessage":"برای خرید، حداکثر تعداد مسافران بایستی 0 باشد.","hasFreeFood":false,"nonRefundable":false,"isCharter":false,"wagonClass":"EC","hasFoodOffer":false,"foodOfferTexts":[],"axleCode":2,"oldExitDatetime":null,"oldFrom":null,"oldTo":null,"badges":[],"discountBadge":null,"sortOrder":3,"isFamilyCoupe":false,"isTransitCar":false,"originName":"تهران","destinationName":"مشهد","orginCode":"THR","originCode":"THR","destinationCode":"MHD","arrivalDateTime":"2024-07-21T03:40:00","availableType":"Regular"},{"proposalId":12817246899,"from":1,"to":191,"rationCode":2,"trainNumber":320,"wagonName":"5 ستاره زندگي با پذيرايي و شام","wagonType":4424,"moveDatetime":"2024-07-20T00:00:00","departureDateTime":"2024-07-20T19:50:00","seat":0,"cost":7920000,"fullPrice":7920000,"isCompartment":true,"compartmentCapacity":4,"hasAirCondition":true,"hasMedia":true,"services":{"airCondition":true,"media":true},"timeOfArrival":"07:00:00","companyName":"رجا","serviceType":1,"logoSuffix":"999","hasDiscount":false,"isSpecialOffer":false,"specialOfferTexts":[],"isFadakSpecialOffer":false,"minPassengerCount":1,"minLimitationMessage":"","maxPassengerCount":0,"exclusiveCompartmentMaxPassengerCount":0,"maxLimitationMessage":"برای خرید، حداکثر تعداد مسافران بایستی 0 باشد.","hasFreeFood":false,"nonRefundable":false,"isCharter":false,"wagonClass":"EC","hasFoodOffer":false,"foodOfferTexts":[],"axleCode":2,"oldExitDatetime":null,"oldFrom":null,"oldTo":null,"badges":[],"discountBadge":null,"sortOrder":3,"isFamilyCoupe":false,"isTransitCar":false,"originName":"تهران","destinationName":"مشهد","orginCode":"THR","originCode":"THR","destinationCode":"MHD","arrivalDateTime":"2024-07-21T07:00:00","availableType":"Regular"},{"proposalId":12817246900,"from":1,"to":191,"rationCode":2,"trainNumber":322,"wagonName":"4ستاره 4تخته آهو","wagonType":5117,"moveDatetime":"2024-07-20T00:00:00","departureDateTime":"2024-07-20T20:10:00","seat":0,"cost":4950500,"fullPrice":4950500,"isCompartment":true,"compartmentCapacity":4,"hasAirCondition":true,"hasMedia":true,"services":{"airCondition":true,"media":true},"timeOfArrival":"07:15:00","companyName":"رجا","serviceType":1,"logoSuffix":"1","hasDiscount":false,"isSpecialOffer":false,"specialOfferTexts":[],"isFadakSpecialOffer":false,"minPassengerCount":1,"minLimitationMessage":"","maxPassengerCount":0,"exclusiveCompartmentMaxPassengerCount":0,"maxLimitationMessage":"برای خرید، حداکثر تعداد مسافران بایستی 0 باشد.","hasFreeFood":false,"nonRefundable":false,"isCharter":false,"wagonClass":"EC","hasFoodOffer":false,"foodOfferTexts":[],"axleCode":2,"oldExitDatetime":null,"oldFrom":null,"oldTo":null,"badges":[],"discountBadge":null,"sortOrder":3,"isFamilyCoupe":false,"isTransitCar":false,"originName":"تهران","destinationName":"مشهد","orginCode":"THR","originCode":"THR","destinationCode":"MHD","arrivalDateTime":"2024-07-21T07:15:00","availableType":"Regular"},{"proposalId":12817246908,"from":1,"to":191,"rationCode":2,"trainNumber":474,"wagonName":"4ستاره اتوبوسي صبا","wagonType":2100,"moveDatetime":"2024-07-20T00:00:00","departureDateTime":"2024-07-20T23:25:00","seat":0,"cost":2003500,"fullPrice":2003500,"isCompartment":false,"compartmentCapacity":4,"hasAirCondition":true,"hasMedia":true,"services":{"airCondition":true,"media":true},"timeOfArrival":"10:20:00","companyName":"رجا","serviceType":1,"logoSuffix":"1","hasDiscount":false,"isSpecialOffer":false,"specialOfferTexts":[],"isFadakSpecialOffer":false,"minPassengerCount":1,"minLimitationMessage":"","maxPassengerCount":0,"exclusiveCompartmentMaxPassengerCount":null,"maxLimitationMessage":"برای خرید، حداکثر تعداد مسافران بایستی 0 باشد.","hasFreeFood":false,"nonRefundable":false,"isCharter":false,"wagonClass":"S","hasFoodOffer":false,"foodOfferTexts":[],"axleCode":6,"oldExitDatetime":null,"oldFrom":null,"oldTo":null,"badges":[],"discountBadge":null,"sortOrder":3,"isFamilyCoupe":false,"isTransitCar":false,"originName":"تهران","destinationName":"مشهد","orginCode":"THR","originCode":"THR","destinationCode":"MHD","arrivalDateTime":"2024-07-21T10:20:00","availableType":"Regular"},{"proposalId":12817246909,"from":1,"to":191,"rationCode":2,"trainNumber":474,"wagonName":"5 ستاره زندگي با شام و صبحانه.","wagonType":5277,"moveDatetime":"2024-07-20T00:00:00","departureDateTime":"2024-07-20T23:25:00","seat":0,"cost":7920000,"fullPrice":7920000,"isCompartment":true,"compartmentCapacity":4,"hasAirCondition":true,"hasMedia":true,"services":{"airCondition":true,"media":true},"timeOfArrival":"10:20:00","companyName":"رجا","serviceType":1,"logoSuffix":"1","hasDiscount":false,"isSpecialOffer":false,"specialOfferTexts":[],"isFadakSpecialOffer":false,"minPassengerCount":1,"minLimitationMessage":"","maxPassengerCount":0,"exclusiveCompartmentMaxPassengerCount":0,"maxLimitationMessage":"برای خرید، حداکثر تعداد مسافران بایستی 0 باشد.","hasFreeFood":false,"nonRefundable":false,"isCharter":false,"wagonClass":"EC","hasFoodOffer":false,"foodOfferTexts":[],"axleCode":6,"oldExitDatetime":null,"oldFrom":null,"oldTo":null,"badges":[],"discountBadge":null,"sortOrder":3,"isFamilyCoupe":false,"isTransitCar":false,"originName":"تهران","destinationName":"مشهد","orginCode":"THR","originCode":"THR","destinationCode":"MHD","arrivalDateTime":"2024-07-21T10:20:00","availableType":"Regular"}],"returning":[],"departingPreBuy":null,"isCompleted":true,"departRouteRequestId":1889385062,"departingAlternativeRoute":true,"returnRouteRequestId":0,"returnAlternativeRoute":false},"targetUrl":null,"success":true,"error":null,"unauthorizedRequest":false,"__wrapped":true,"__traceId":null}