{"data":[{"departureDate":"2024-7-20","origin":"THR","dest":"MHD","companyName":"جوپار","personals":[{"serviceId":218848165,"namePersian":"امیر","lastNamePersian":"میرزایی","birthdate":"2002-3-21","meli_code":"4311699034","gender":"male","adult":"1"}],"proposalId":"12807919339"},{"departureDate":"2024-7-20","origin":"THR","dest":"MHD","companyName":"جوپار","personals":[{"serviceId":218848165,"namePersian":"امیر","lastNamePersian":"میرزایی","birthdate":"2002-3-21","meli_code":"4311699034","gender":"male","adult":"1"}],"proposalId":"12807963980"},{"departureDate":"2024-7-20","origin":"THR","dest":"MHD","companyName":"جوپار","personals":[{"serviceId":218848165,"namePersian":"امیر","lastNamePersian":"میرزایی","birthdate":"2002-3-21","meli_code":"4311699034","gender":"male","adult":"1"}],"proposalId":"12808064542"},{"departureDate":"2024-7-20","origin":"THR","dest":"MHD","companyName":"جوپار","personals":[{"serviceId":218848165,"namePersian":"امیر","lastNamePersian":"میرزایی","birthdate":"2002-3-21","meli_code":"4311699034","gender":"male","adult":"1"}],"proposalId":"12808087648"},{"departureDate":"2024-7-21","origin":"THR","dest":"MHD","companyName":"رجا","personals":[{"serviceId":218848165,"namePersian":"امیر","lastNamePersian":"میرزایی","birthdate":"2002-3-21","meli_code":"4311699034","gender":"male","adult":"1"}],"proposalId":"12808140399"},{"departureDate":"2024-7-20","origin":"THR","dest":"MHD","companyName":"رجا","personals":[{"serviceId":218848165,"namePersian":"امیر","lastNamePersian":"میرزایی","birthdate":"2002-3-21","meli_code":"4311699034","gender":"male","adult":"1"}],"proposalId":"12808151008"},{"departureDate":"2024-7-20","origin":"THR","dest":"MHD","companyName":"رجا","personals":[{"serviceId":218848165,"namePersian":"امیر","lastNamePersian":"میرزایی","birthdate":"2002-3-21","meli_code":"4311699034","gender":"male","adult":"1"}],"proposalId":"12808178029"},{"departureDate":"2024-7-20","origin":"THR","dest":"MHD","companyName":"رجا","personals":[{"serviceId":218848165,"namePersian":"امیر","lastNamePersian":"میرزایی","birthdate":"2002-3-21","meli_code":"4311699034","gender":"male","adult":"1"}],"proposalId":"12808243399"},{"departureDate":"2024-7-20","origin":"THR","dest":"MHD","companyName":"رجا","personals":[{"serviceId":218848165,"namePersian":"امیر","lastNamePersian":"میرزایی","birthdate":"2002-3-21","meli_code":"4311699034","gender":"male","adult":"1"}],"proposalId":"12808255273"},{"departureDate":"2024-7-19","origin":"THR","dest":"MHD","companyName":"رجا","personals":[{"serviceId":218848165,"namePersian":"امیر","lastNamePersian":"میرزایی","birthdate":"2002-3-21","meli_code":"4311699034","gender":"male","adult":"1"}],"proposalId":"12808310962"},{"departureDate":"2024-7-19","origin":"THR","dest":"MHD","companyName":"رجا","personals":[{"serviceId":218848165,"namePersian":"امیر","lastNamePersian":"میرزایی","birthdate":"2002-3-21","meli_code":"4311699034","gender":"male","adult":"1"}],"proposalId":"12808419154"},{"departureDate":"2024-7-9","origin":"THR","dest":"MHD","companyName":"جوپار","personals":[{"serviceId":0,"namePersian":"امیر","lastNamePersian":"میرزایی","birthdate":"622-3-21","meli_code":"4311699034","gender":"male","groupType":"adult","adult":"2"},{"serviceId":0,"namePersian":"محمد ","lastNamePersian":"نوروزی","birthdate":"622-3-21","meli_code":"0590539681","gender":"male","groupType":"adult","adult":"2"}],"proposalId":"12808580509"},{"departureDate":"2024-7-9","origin":"THR","dest":"MHD","companyName":"جوپار","personals":[{"serviceId":0,"namePersian":"امیر","lastNamePersian":"میرزایی","birthdate":"2002-3-21","meli_code":"4311699034","gender":"male","groupType":"adult","adult":"2"},{"serviceId":0,"namePersian":"محمد ","lastNamePersian":"نوروی","birthdate":"2001-3-21","meli_code":"0590539681","gender":"male","groupType":"adult","adult":"2"}],"proposalId":"12808596429"}]}